<?xml version="1.0" encoding="UTF-8"?>
<!DOCTYPE suite SYSTEM "https://testng.org/testng-1.0.dtd">
<suite name="Suite">
  <test  name="Get Test">
 <classes> 
     <class name="Sabre.Sabre.All_Test_Executed_at_one_Go"/> <!-- For all Test to Run at Same time -->
     <class name="Sabre.Sabre.Single_Test_Execution_by_Passing_Parameter"> <!-- To Run Single Test by Passing Parameter -->
          <methods>
             <parameter name="custumerid" value="2222"></parameter>
             <include name="get_Method_particular_Customer_anyvalue"></include>
          </methods>
     </class>
     </classes>
  </test> 
</suite>
